,Rank,MedianHouseholdIncome,Zip,Population,geometry,Longitude,Latitude
1,1,250001,7970,132,POINT (-74.5727555 40.80769119),-74.5727555,40.80769119
2,2,235172,7078,12737,POINT (-74.33379415 40.742104),-74.33379415,40.742104
3,3,231667,7976,558,POINT (-74.48662988 40.72305781),-74.48662988,40.72305781
4,4,216484,8248,106,POINT (-74.6623065 39.1932041),-74.6623065,39.1932041
5,5,198790,7311,384,POINT (-74.03273552 40.71711121),-74.03273552,40.71711121
6,6,193450,7931,3348,POINT (-74.61875925 40.68203237),-74.61875925,40.68203237
7,7,191563,7934,1620,POINT (-74.66425937 40.72351561),-74.66425937,40.72351561
8,8,190417,8858,102,POINT (-74.735244 40.67491266),-74.735244,40.67491266
9,9,180120,8550,19510,POINT (-74.61742168 40.2809748),-74.61742168,40.2809748
10,10,173800,7021,2122,POINT (-74.279737 40.82533951),-74.279737,40.82533951
11,11,173596,7979,518,POINT (-74.72756118 40.70256051),-74.72756118,40.70256051
12,12,168868,7458,11480,POINT (-74.09711301 41.04583529),-74.09711301,41.04583529
13,13,168352,7028,7685,POINT (-74.205164 40.80194393),-74.205164,40.80194393
14,14,166250,8558,6680,POINT (-74.70392517 40.41354582),-74.70392517,40.41354582
15,15,164773,7046,4267,POINT (-74.44057584 40.89062458),-74.44057584,40.89062458
16,16,163458,7043,12932,POINT (-74.20051388 40.84422553),-74.20051388,40.84422553
17,17,163256,7842,143,POINT (-74.502146 40.94638981),-74.502146,40.94638981
18,18,157583,8502,11587,POINT (-74.65568952 40.44827501),-74.65568952,40.44827501
19,19,154615,7452,11784,POINT (-74.12486427 40.95996875),-74.12486427,40.95996875
20,20,153657,7417,10726,POINT (-74.20819274 41.00849774),-74.20819274,41.00849774
21,21,153125,7423,4125,POINT (-74.09733586 41.00007983),-74.09733586,41.00007983
22,22,152481,8535,5828,POINT (-74.44022022 40.23603076),-74.44022022,40.23603076
23,23,152355,7310,12523,POINT (-74.04585742 40.73306915),-74.04585742,40.73306915
24,24,149375,7945,9608,POINT (-74.59799219 40.78131792),-74.59799219,40.78131792
25,25,147788,7641,3419,POINT (-73.99763793 40.96220095),-73.99763793,40.96220095
26,26,146389,7092,6765,POINT (-74.360529 40.68094473),-74.360529,40.68094473
27,27,146200,7627,4929,POINT (-73.95676671 40.95499921),-73.95676671,40.95499921
28,28,146181,7853,13420,POINT (-74.78577623 40.78498647),-74.78577623,40.78498647
29,29,145192,8246,177,POINT (-74.76580567 39.18096495),-74.76580567,39.18096495
30,30,144233,7059,15729,POINT (-74.51483043 40.63226547),-74.51483043,40.63226547
31,31,144222,7649,8080,POINT (-74.03136312 40.95625969),-74.03136312,40.95625969
32,32,142107,7974,12173,POINT (-74.40318016 40.6972999),-74.40318016,40.6972999
33,33,141979,7930,8399,POINT (-74.68689782 40.78009605),-74.68689782,40.78009605
34,34,141964,7481,16877,POINT (-74.1675127 40.99881033),-74.1675127,40.99881033
35,35,141401,7450,25287,POINT (-74.11259714 40.9821284),-74.11259714,40.9821284
36,36,140923,7670,14672,POINT (-73.95703581 40.91883093),-73.95703581,40.91883093
37,37,140649,7746,19613,POINT (-74.24981704 40.31806064),-74.24981704,40.31806064
38,38,140000,7704,6093,POINT (-74.03832446 40.35964182),-74.03832446,40.35964182
39,39,138273,7928,19335,POINT (-74.41266713 40.72607483),-74.41266713,40.72607483
40,40,138201,7632,5439,POINT (-73.95067975 40.88370777),-73.95067975,40.88370777
41,41,137867,7090,30735,POINT (-74.3462755 40.64888869),-74.3462755,40.64888869
42,42,137724,7677,5785,POINT (-74.0551785 41.02109561),-74.0551785,41.02109561
43,43,137665,7039,29617,POINT (-74.32907722 40.78558266),-74.32907722,40.78558266
44,44,136509,8836,3868,POINT (-74.55527016 40.59637355),-74.55527016,40.59637355
45,45,136344,7739,5920,POINT (-74.03864941 40.33621296),-74.03864941,40.33621296
46,46,135806,7751,19077,POINT (-74.262746 40.37083907),-74.262746,40.37083907
47,47,135536,7722,10154,POINT (-74.16948188 40.28482649),-74.16948188,40.28482649
48,48,135192,8560,3788,POINT (-74.8591111 40.3135025),-74.8591111,40.3135025
49,49,135114,7640,4736,POINT (-73.98020506 40.9898773),-73.98020506,40.9898773
50,50,134849,7922,12383,POINT (-74.42836872 40.67515383),-74.42836872,40.67515383
51,51,134660,8534,13328,POINT (-74.79270558 40.33012677),-74.79270558,40.33012677
52,52,134180,7733,16657,POINT (-74.17257216 40.37663778),-74.17257216,40.37663778
53,53,132407,8525,4916,POINT (-74.78325913 40.3962526),-74.78325913,40.3962526
54,54,132250,7620,1710,POINT (-73.92410176 40.96444263),-73.92410176,40.96444263
55,56,131569,7738,6336,POINT (-74.12746832 40.33773949),-74.12746832,40.33773949
56,57,130664,8833,8890,POINT (-74.82078823 40.64519328),-74.82078823,40.64519328
57,58,130509,7760,8984,POINT (-74.00679498 40.36123969),-74.00679498,40.36123969
58,59,128822,8540,48300,POINT (-74.664201 40.31641538),-74.664201,40.31641538
59,60,128162,8056,4640,POINT (-75.25170349 39.78301902),-75.25170349,39.78301902
60,61,126042,7711,1312,POINT (-74.01529175 40.24368094),-74.01529175,40.24368094
61,62,125906,7830,6674,POINT (-74.8104875 40.73890745),-74.8104875,40.73890745
62,63,125600,7871,20883,POINT (-74.617249 41.02177491),-74.617249,41.02177491
63,64,125583,7920,26955,POINT (-74.54066975 40.6927019),-74.54066975,40.6927019
64,65,124821,7401,6666,POINT (-74.13324703 41.03315568),-74.13324703,41.03315568
65,66,124306,7702,3899,POINT (-74.06010647 40.32494028),-74.06010647,40.32494028
66,67,124289,8889,9831,POINT (-74.7595869 40.607605),-74.7595869,40.607605
67,68,123003,7023,7475,POINT (-74.38567558 40.64170057),-74.38567558,40.64170057
68,69,122500,8510,4731,POINT (-74.42150655 40.1904123),-74.42150655,40.1904123
69,70,122165,7446,14650,POINT (-74.1456249 41.05944294),-74.1456249,41.05944294
70,71,121979,8515,7135,POINT (-74.64565489 40.11607422),-74.64565489,40.11607422
71,72,121475,7901,22963,POINT (-74.36591957 40.71470847),-74.36591957,40.71470847
72,73,121213,7079,16476,POINT (-74.26027563 40.74908258),-74.26027563,40.74908258
73,73,121213,7082,5341,POINT (-74.34530986 40.92639729),-74.34530986,40.92639729
74,75,120711,8730,4772,POINT (-74.06366999 40.10487407),-74.06366999,40.10487407
75,76,120566,8853,5344,POINT (-74.74010084 40.5292908),-74.74010084,40.5292908
76,77,120031,8720,955,POINT (-74.10105184 40.13873812),-74.10105184,40.13873812
77,78,119725,7624,8519,POINT (-73.968095 40.9754325),-73.968095,40.9754325
78,79,119635,8062,15810,POINT (-75.22204639 39.71540032),-75.22204639,39.71540032
79,80,118378,8867,5398,POINT (-74.96523352 40.5736392),-74.96523352,40.5736392
80,81,118286,7045,9560,POINT (-74.36758496 40.910676),-74.36758496,40.910676
81,82,118250,7946,3010,POINT (-74.51975975 40.66923294),-74.51975975,40.66923294
82,83,117893,8057,20821,POINT (-74.94119988 39.9793348),-74.94119988,39.9793348
83,84,117824,8824,12721,POINT (-74.55136131 40.42265252),-74.55136131,40.42265252
84,85,117596,7436,12914,POINT (-74.24109641 41.03130394),-74.24109641,41.03130394
85,86,117553,7876,10171,POINT (-74.65551648 40.85351008),-74.65551648,40.85351008
86,87,116723,8073,300,POINT (-74.86677906 40.00954214),-74.86677906,40.00954214
87,88,116276,7016,23150,POINT (-74.30372064 40.65647299),-74.30372064,40.65647299
88,89,116014,7040,24233,POINT (-74.2695903 40.73052845),-74.2695903,40.73052845
89,90,115424,7869,25668,POINT (-74.581259 40.84497888),-74.581259,40.84497888
90,91,115028,7676,9203,POINT (-74.06354168 40.98834491),-74.06354168,40.98834491
91,92,114991,8844,39365,POINT (-74.67288481 40.49862971),-74.67288481,40.49862971
92,93,114568,8820,39679,POINT (-74.36577671 40.57706764),-74.36577671,40.57706764
93,94,113409,8802,3887,POINT (-75.02417584 40.67665009),-75.02417584,40.67665009
94,95,113346,8801,8926,POINT (-74.88653773 40.62390489),-74.88653773,40.62390489
95,96,113294,8807,38242,POINT (-74.6153475 40.6076588),-74.6153475,40.6076588
96,97,113077,7642,10349,POINT (-74.03375375 41.00801563),-74.03375375,41.00801563
97,98,112656,8691,15251,POINT (-74.59395426 40.20974584),-74.59395426,40.20974584
98,99,112542,8061,2911,POINT (-75.1974935 39.79579489),-75.1974935,39.79579489
99,100,112319,8810,8905,POINT (-74.4963925 40.36790283),-74.4963925,40.36790283
100,101,112220,7076,23757,POINT (-74.3669495 40.62625803),-74.3669495,40.62625803
101,102,112219,7748,27583,POINT (-74.11564309 40.39428953),-74.11564309,40.39428953
102,103,111758,8559,5272,POINT (-74.97096098 40.43750998),-74.97096098,40.43750998
103,104,111076,7058,6166,POINT (-74.3513255 40.87607567),-74.3513255,40.87607567
104,105,110000,8501,6406,POINT (-74.5766255 40.14778673),-74.5766255,40.14778673
105,106,109792,8750,3731,POINT (-74.03587446 40.13017073),-74.03587446,40.13017073
106,107,109761,8551,5019,POINT (-74.8400742 40.44175078),-74.8400742,40.44175078
107,108,109235,8886,6826,POINT (-75.10517651 40.69338113),-75.10517651,40.69338113
108,109,109211,7940,16888,POINT (-74.41796099 40.75985849),-74.41796099,40.75985849
109,110,109023,8055,27353,POINT (-74.82234234 39.86366162),-74.82234234,39.86366162
110,111,108933,7821,9488,POINT (-74.74980126 40.96485259),-74.74980126,40.96485259
111,112,108693,7630,7517,POINT (-74.025235 40.97640682),-74.025235,40.97640682
112,113,108519,8003,30574,POINT (-74.9722525 39.8832899),-74.9722525,39.8832899
113,114,108421,7068,5835,POINT (-74.30854865 40.8207392),-74.30854865,40.8207392
114,115,107775,8840,16592,POINT (-74.36273 40.54219909),-74.36273,40.54219909
115,116,107682,7936,11256,POINT (-74.36380617 40.81920991),-74.36380617,40.81920991
116,117,107639,8041,1229,POINT (-74.68387753 40.03787371),-74.68387753,40.03787371
117,118,107574,8738,930,POINT (-74.05500809 40.02650879),-74.05500809,40.02650879
118,119,107273,8821,160,POINT (-74.68566156 40.52004484),-74.68566156,40.52004484
119,120,107261,7981,9187,POINT (-74.41907257 40.82208359),-74.41907257,40.82208359
120,121,107105,8827,4107,POINT (-74.97383368 40.66461597),-74.97383368,40.66461597
121,122,106880,7456,12320,POINT (-74.27536732 41.10632558),-74.27536732,41.10632558
122,123,106875,7030,51979,POINT (-74.0322201 40.74521864),-74.0322201,40.74521864
123,124,106750,7463,9808,POINT (-74.12606802 41.01323135),-74.12606802,41.01323135
124,125,106581,7726,43324,POINT (-74.34243103 40.28240605),-74.34243103,40.28240605
125,126,106563,7069,6078,POINT (-74.43946561 40.64257861),-74.43946561,40.64257861
126,127,106429,7933,3378,POINT (-74.46508049 40.69221886),-74.46508049,40.69221886
127,128,106403,7405,17908,POINT (-74.38310584 40.9864703),-74.38310584,40.9864703
128,129,106327,7656,8795,POINT (-74.04217535 41.03525905),-74.04217535,41.03525905
129,130,105696,7950,19485,POINT (-74.48237372 40.84453688),-74.48237372,40.84453688
130,131,105294,7834,17882,POINT (-74.486534 40.88844939),-74.486534,40.88844939
131,132,105044,8085,19263,POINT (-75.33008146 39.75822239),-75.33008146,39.75822239
132,133,104825,7470,55003,POINT (-74.24503568 40.94807426),-74.24503568,40.94807426
133,134,104730,7878,979,POINT (-74.47633526 40.8717738),-74.47633526,40.8717738
134,135,104388,7675,26753,POINT (-74.00414998 41.00918051),-74.00414998,41.00918051
135,136,104250,7661,11483,POINT (-74.03873703 40.92690775),-74.03873703,40.92690775
136,137,104235,7924,7717,POINT (-74.5896967 40.72695764),-74.5896967,40.72695764
137,138,103967,7932,10577,POINT (-74.39283064 40.7770862),-74.39283064,40.7770862
138,139,103654,7977,545,POINT (-74.669684 40.70403845),-74.669684,40.70403845
139,140,103384,7009,12499,POINT (-74.22880943 40.85660089),-74.22880943,40.85660089
140,141,103364,7438,11277,POINT (-74.51975413 41.03020496),-74.51975413,41.03020496
141,142,103361,7645,8000,POINT (-74.06263975 41.05671127),-74.06263975,41.05671127
142,143,103065,8822,31020,POINT (-74.86361766 40.52108881),-74.86361766,40.52108881
143,144,102774,8014,738,POINT (-75.35463483 39.81091401),-75.35463483,39.81091401
144,145,102168,7430,26242,POINT (-74.18605792 41.08176442),-74.18605792,41.08176442
145,146,101964,8033,16060,POINT (-75.0369863 39.89318022),-75.0369863,39.89318022
146,147,101406,7833,100,POINT (-75.06772725 40.89182691),-75.06772725,40.89182691
147,148,101126,7960,43932,POINT (-74.49967381 40.78341218),-74.49967381,40.78341218
148,149,100950,7041,7463,POINT (-74.3019775 40.72006236),-74.3019775,40.72006236
149,150,100884,7006,25250,POINT (-74.285706 40.85005734),-74.285706,40.85005734
150,151,100755,7410,32962,POINT (-74.11771362 40.93575882),-74.11771362,40.93575882
151,152,100680,7033,8045,POINT (-74.28898758 40.67820239),-74.28898758,40.67820239
152,153,100560,7718,6625,POINT (-74.08516597 40.42052722),-74.08516597,40.42052722
153,154,100461,7081,16729,POINT (-74.32560872 40.69946319),-74.32560872,40.69946319
154,155,100403,7836,13011,POINT (-74.70320977 40.84539073),-74.70320977,40.84539073
155,156,100366,7044,13966,POINT (-74.24314412 40.83245382),-74.24314412,40.83245382
156,157,100342,7626,8669,POINT (-73.9689525 40.94402093),-73.9689525,40.94402093
157,158,100336,7302,38811,POINT (-74.04688866 40.71980741),-74.04688866,40.71980741
158,159,100256,7980,2381,POINT (-74.48600275 40.66908832),-74.48600275,40.66908832
159,160,100208,8852,17242,POINT (-74.54848211 40.38778229),-74.54848211,40.38778229
160,161,99609,7020,11969,POINT (-73.97852251 40.82025528),-73.97852251,40.82025528
161,162,99568,8850,8484,POINT (-74.439991 40.45069502),-74.439991,40.45069502
162,163,99457,8809,6366,POINT (-74.92231639 40.6512292),-74.92231639,40.6512292
163,164,99177,7731,38217,POINT (-74.19984393 40.14955726),-74.19984393,40.14955726
164,165,98768,8690,18676,POINT (-74.66099186 40.22457966),-74.66099186,40.22457966
165,166,98571,7005,15215,POINT (-74.42103486 40.92948459),-74.42103486,40.92948459
166,167,97962,7648,5769,POINT (-73.95092877 40.99322307),-73.95092877,40.99322307
167,168,97857,7927,3670,POINT (-74.45337672 40.82129566),-74.45337672,40.82129566
168,169,97708,8826,5575,POINT (-74.90504258 40.71954454),-74.90504258,40.71954454
169,170,97370,8816,46670,POINT (-74.41617595 40.42861698),-74.41617595,40.42861698
170,171,97284,7440,4769,POINT (-74.29398337 40.94664993),-74.29398337,40.94664993
171,172,97173,8736,12213,POINT (-74.08043299 40.11858307),-74.08043299,40.11858307
172,173,97006,7075,8249,POINT (-74.0870225 40.8490264),-74.0870225,40.8490264
173,174,96968,7865,2004,POINT (-74.89897481 40.78464104),-74.89897481,40.78464104
174,175,96857,7480,16906,POINT (-74.37732018 41.08747819),-74.37732018,41.08747819
175,176,96745,8825,4413,POINT (-75.02492013 40.5130023),-75.02492013,40.5130023
176,177,96625,7935,407,POINT (-74.450463 40.73880426),-74.450463,40.73880426
177,178,96570,8823,9401,POINT (-74.5622445 40.43726972),-74.5622445,40.43726972
178,179,96454,7652,26612,POINT (-74.07118956 40.94555775),-74.07118956,40.94555775
179,180,96316,7757,5619,POINT (-74.01882748 40.31077153),-74.01882748,40.31077153
180,181,96293,7866,21737,POINT (-74.49041846 40.95358827),-74.49041846,40.95358827
181,182,96172,7004,7417,POINT (-74.30408341 40.88259472),-74.30408341,40.88259472
182,183,96103,7435,2282,POINT (-74.430751 41.0456596),-74.430751,41.0456596
183,184,95846,7847,1293,POINT (-74.626313 40.88239937),-74.626313,40.88239937
184,185,95839,7921,7930,POINT (-74.6774797 40.656938),-74.6774797,40.656938
185,186,95750,8829,3692,POINT (-74.89406429 40.66802019),-74.89406429,40.66802019
186,187,95625,8553,554,POINT (-74.64055285 40.4001312),-74.64055285,40.4001312
187,188,95435,7666,40261,POINT (-74.01057102 40.89004984),-74.01057102,40.89004984
188,189,95407,8848,8359,POINT (-75.09585661 40.59454895),-75.09585661,40.59454895
189,190,94688,7848,4689,POINT (-74.68421829 41.10345706),-74.68421829,41.10345706
190,191,94453,7418,1861,POINT (-74.48677 41.23558629),-74.48677,41.23558629
191,192,94083,8340,732,POINT (-74.8731045 39.43605079),-74.8731045,39.43605079
192,193,94052,7465,6503,POINT (-74.27532852 41.04638318),-74.27532852,41.04638318
193,194,93884,7852,4076,POINT (-74.66254803 40.88208026),-74.66254803,40.88208026
194,195,93732,8053,45669,POINT (-74.89459123 39.86020494),-74.89459123,39.86020494
195,196,93488,7849,9166,POINT (-74.6110505 40.9606159),-74.6110505,40.9606159
196,197,93221,8077,19020,POINT (-74.9951669 40.00195908),-74.9951669,40.00195908
197,198,93214,7460,3574,POINT (-74.49572158 41.11192954),-74.49572158,41.11192954
198,199,93190,8812,14435,POINT (-74.485027 40.60400522),-74.485027,40.60400522
199,200,93068,7747,30709,POINT (-74.25179946 40.41328702),-74.25179946,40.41328702
200,201,92875,8022,8955,POINT (-74.7090554 40.07362891),-74.7090554,40.07362891
201,202,92685,7421,7363,POINT (-74.3575215 41.17661821),-74.3575215,41.17661821
202,203,92581,8530,7349,POINT (-74.89665832 40.37145527),-74.89665832,40.37145527
203,204,91985,8036,5836,POINT (-74.8318765 39.97044517),-74.8318765,39.97044517
204,205,91811,7628,17706,POINT (-73.99249221 40.94503257),-73.99249221,40.94503257
205,206,91295,7066,15056,POINT (-74.31370338 40.62021185),-74.31370338,40.62021185
206,207,90938,7838,3885,POINT (-74.91440727 40.88920736),-74.91440727,40.88920736
207,208,90880,7080,23686,POINT (-74.4151787 40.5746824),-74.4151787,40.5746824
208,209,90878,7758,4945,POINT (-74.10366815 40.43067472),-74.10366815,40.43067472
209,210,90682,7803,3657,POINT (-74.60047131 40.87764707),-74.60047131,40.87764707
210,211,90612,8080,35583,POINT (-75.120105 39.77267152),-75.120105,39.77267152
211,212,90324,7850,7008,POINT (-74.66395204 40.90586612),-74.66395204,40.90586612
212,213,90313,8511,775,POINT (-74.55434178 40.04271296),-74.55434178,40.04271296
213,214,90251,7052,46661,POINT (-74.26286292 40.789373),-74.26286292,40.789373
214,215,90000,8020,2467,POINT (-75.224332 39.79160566),-75.224332,39.79160566
215,216,89572,8854,57600,POINT (-74.46344634 40.54658509),-74.46344634,40.54658509
216,217,89519,7014,5097,POINT (-74.13044075 40.82927844),-74.13044075,40.82927844
217,218,89423,8343,5755,POINT (-75.17054017 39.64132466),-75.17054017,39.64132466
218,219,89383,8034,18400,POINT (-74.99930541 39.90604405),-74.99930541,39.90604405
219,220,89050,7874,8773,POINT (-74.70608875 40.93080123),-74.70608875,40.93080123
220,221,88797,8876,22341,POINT (-74.70137108 40.59121472),-74.70137108,40.59121472
221,222,88723,7730,17283,POINT (-74.17566727 40.42482179),-74.17566727,40.42482179
222,223,88542,8221,7071,POINT (-74.57152043 39.34341949),-74.57152043,39.34341949
223,224,88491,8873,51722,POINT (-74.53289139 40.49832357),-74.53289139,40.49832357
224,225,88167,8520,27653,POINT (-74.53052858 40.25421594),-74.53052858,40.25421594
225,226,88159,7825,9432,POINT (-74.96014902 40.97733154),-74.96014902,40.97733154
226,227,87813,8019,1020,POINT (-74.53105101 39.7767564),-74.53105101,39.7767564
227,228,87705,7604,11989,POINT (-74.07405103 40.8618663),-74.07405103,40.8618663
228,229,87639,8048,12460,POINT (-74.80340291 39.95701863),-74.80340291,39.95701863
229,230,87625,8804,2463,POINT (-75.09529159 40.6455466),-75.09529159,40.6455466
230,231,87432,7067,17966,POINT (-74.3148694 40.5926183),-74.3148694,40.5926183
231,232,87426,8527,55285,POINT (-74.34982477 40.10480733),-74.34982477,40.10480733
232,233,87364,8536,19889,POINT (-74.58234233 40.33417694),-74.58234233,40.33417694
233,234,87284,7442,11162,POINT (-74.28564445 41.00265918),-74.28564445,41.00265918
234,235,87178,8620,12409,POINT (-74.62362025 40.16032381),-74.62362025,40.16032381
235,236,87157,7716,8822,POINT (-74.03029099 40.40587022),-74.03029099,40.40587022
236,237,87001,8648,32359,POINT (-74.72178467 40.28482465),-74.72178467,40.28482465
237,238,86602,7755,6417,POINT (-74.0228365 40.26368129),-74.0228365,40.26368129
238,239,86382,7457,3906,POINT (-74.3124738 40.99209883),-74.3124738,40.99209883
239,240,86087,8505,17637,POINT (-74.7402325 40.12019172),-74.7402325,40.12019172
240,241,86016,8241,1088,POINT (-74.48606197 39.53242713),-74.48606197,39.53242713
241,242,85966,7432,7229,POINT (-74.14098307 40.99513769),-74.14098307,40.99513769
242,243,85932,7728,56039,POINT (-74.28575273 40.22539386),-74.28575273,40.22539386
243,244,85893,8533,6501,POINT (-74.4988145 40.06293889),-74.4988145,40.06293889
244,245,85500,8403,1048,POINT (-74.54450794 39.31803337),-74.54450794,39.31803337
245,246,85478,8514,5073,POINT (-74.49644836 40.13299131),-74.49644836,40.13299131
246,247,85301,8054,41813,POINT (-74.90469412 39.9483647),-74.90469412,39.9483647
247,248,85250,8035,7582,POINT (-75.06445985 39.87911765),-75.06445985,39.87911765
248,249,85175,8857,40466,POINT (-74.32922573 40.39235134),-74.32922573,40.39235134
249,250,85035,7110,28509,POINT (-74.15719164 40.81930665),-74.15719164,40.81930665
250,251,85014,7512,10872,POINT (-74.22127302 40.9038595),-74.22127302,40.9038595
251,252,84935,8628,9361,POINT (-74.826233 40.26046608),-74.826233,40.26046608
252,253,84795,7750,3278,POINT (-73.98178216 40.33282709),-73.98178216,40.33282709
253,254,84626,7094,17614,POINT (-74.06452395 40.78139348),-74.06452395,40.78139348
254,255,84598,8542,4740,POINT (-74.66036624 40.35291299),-74.66036624,40.35291299
255,256,84510,8817,44807,POINT (-74.39430789 40.51562471),-74.39430789,40.51562471
256,257,84366,8512,10569,POINT (-74.52636035 40.32058064),-74.52636035,40.32058064
257,258,84351,7843,11899,POINT (-74.66002812 40.93964704),-74.66002812,40.93964704
258,259,84282,7422,6331,POINT (-74.44909749 41.1816241),-74.44909749,41.1816241
259,260,84268,8090,8774,POINT (-75.1505335 39.79237367),-75.1505335,39.79237367
260,261,84110,7095,20688,POINT (-74.28652187 40.55382276),-74.28652187,40.55382276
261,262,83953,7461,19811,POINT (-74.6065466 41.24103667),-74.6065466,41.24103667
262,263,83893,8734,8113,POINT (-74.17404399 39.86213239),-74.17404399,39.86213239
263,264,83750,7822,732,POINT (-74.70514629 41.14032341),-74.70514629,41.14032341
264,265,83632,7444,10808,POINT (-74.30708894 40.96786279),-74.30708894,40.96786279
265,266,83558,7419,8740,POINT (-74.56817114 41.15334923),-74.56817114,41.15334923
266,267,83346,8026,2324,POINT (-74.96562667 39.83309807),-74.96562667,39.83309807
267,268,83311,7034,9648,POINT (-74.38609425 40.88236593),-74.38609425,40.88236593
268,269,82692,8319,1216,POINT (-74.8168838 39.36866802),-74.8168838,39.36866802
269,270,82688,7647,5233,POINT (-73.94274667 41.00669946),-73.94274667,41.00669946
270,271,82385,7070,18297,POINT (-74.10598112 40.82055191),-74.10598112,40.82055191
271,272,82172,8859,21184,POINT (-74.30427769 40.45960306),-74.30427769,40.45960306
272,273,82067,7764,8391,POINT (-74.01853223 40.28830704),-74.01853223,40.28830704
273,274,82056,7856,3722,POINT (-74.62519 40.92154893),-74.62519,40.92154893
274,275,81967,7832,3875,POINT (-75.05733405 40.96058718),-75.05733405,40.96058718
275,276,81885,7506,18944,POINT (-74.156318 40.95642061),-74.156318,40.95642061
276,277,81871,7035,10592,POINT (-74.30490591 40.92542164),-74.30490591,40.92542164
277,278,81862,8742,24330,POINT (-74.06165929 40.08142623),-74.06165929,40.08142623
278,279,81500,7607,9651,POINT (-74.0631664 40.9025188),-74.0631664,40.9025188
279,280,81424,8846,13766,POINT (-74.50106914 40.57441435),-74.50106914,40.57441435
280,281,81250,8098,9213,POINT (-75.32940051 39.63893482),-75.32940051,39.63893482
281,282,81172,7826,6060,POINT (-74.76882204 41.19254993),-74.76882204,41.19254993
282,283,81145,7719,21669,POINT (-74.07252197 40.16876396),-74.07252197,40.16876396
283,284,80995,7012,11818,POINT (-74.15980571 40.84744212),-74.15980571,40.84744212
284,285,80852,7042,25500,POINT (-74.21777852 40.81374285),-74.21777852,40.81374285
285,286,80625,8001,1125,POINT (-75.34982696 39.55072074),-75.34982696,39.55072074
286,287,80549,8902,42245,POINT (-74.4861897 40.44071418),-74.4861897,40.44071418
287,288,80433,8830,18021,POINT (-74.31709792 40.56964808),-74.31709792,40.56964808
288,289,80365,7621,27157,POINT (-73.99847476 40.92370701),-73.99847476,40.92370701
289,290,80313,7439,2415,POINT (-74.59790683 41.07611195),-74.59790683,41.07611195
290,291,80139,7727,7612,POINT (-74.16007687 40.19825545),-74.16007687,40.19825545
291,292,80125,7077,2341,POINT (-74.2530875 40.55810416),-74.2530875,40.55810416
292,293,79921,8872,20639,POINT (-74.3359745 40.44405287),-74.3359745,40.44405287
293,294,79469,7013,25911,POINT (-74.17267298 40.86909774),-74.17267298,40.86909774
294,295,79386,8322,10338,POINT (-75.0352244 39.61417813),-75.0352244,39.61417813
295,296,79333,8741,2758,POINT (-74.16835902 39.9352537),-74.16835902,39.9352537
296,297,79301,7828,14459,POINT (-74.75143339 40.88499797),-74.75143339,40.88499797
297,298,78822,8863,12362,POINT (-74.3130365 40.53640056),-74.3130365,40.53640056
298,299,78625,7424,26639,POINT (-74.20598477 40.8836692),-74.20598477,40.8836692
299,300,78523,7703,328,POINT (-74.04260069 40.31424762),-74.04260069,40.31424762
300,301,78500,8072,266,POINT (-75.4162535 39.54493131),-75.4162535,39.54493131
301,302,78369,7762,8176,POINT (-74.03588984 40.1528612),-74.03588984,40.1528612
302,303,78132,7663,13841,POINT (-74.09550954 40.90312641),-74.09550954,40.90312641
303,304,78036,8353,579,POINT (-75.29698096 39.45939134),-75.29698096,39.45939134
304,305,77935,8732,1560,POINT (-74.14521723 39.94316918),-74.14521723,39.94316918
305,306,77858,7860,26539,POINT (-74.81332142 41.06016419),-74.81332142,41.06016419
306,307,77574,8828,2390,POINT (-74.4242055 40.38066895),-74.4242055,40.38066895
307,308,77500,7605,9135,POINT (-73.98973728 40.863818),-73.98973728,40.863818
308,309,77358,8060,24501,POINT (-74.78939013 40.00867671),-74.78939013,40.00867671
309,310,77330,7885,10315,POINT (-74.60148925 40.91170367),-74.60148925,40.91170367
310,311,77308,8081,49132,POINT (-74.9708355 39.72912091),-74.9708355,39.72912091
311,312,77292,8230,5375,POINT (-74.71735905 39.21270814),-74.71735905,39.21270814
312,313,77282,8721,20802,POINT (-74.16518 39.90217782),-74.16518,39.90217782
313,314,77273,7721,3111,POINT (-74.23550977 40.43574137),-74.23550977,40.43574137
314,315,77158,8008,6833,POINT (-74.20520903 39.60946758),-74.20520903,39.60946758
315,316,76959,8097,3235,POINT (-75.15800475 39.81903649),-75.15800475,39.81903649
316,317,76905,8075,29316,POINT (-74.94972208 40.02932043),-74.94972208,40.02932043
317,318,76875,8202,1953,POINT (-74.75155225 39.07883384),-74.75155225,39.07883384
318,319,76548,8837,16601,POINT (-74.34504127 40.51599811),-74.34504127,40.51599811
319,320,76513,7027,4323,POINT (-74.32313697 40.65124889),-74.32313697,40.65124889
320,321,76359,7054,29642,POINT (-74.40225477 40.855644),-74.40225477,40.855644
321,322,76279,8722,11127,POINT (-74.20212948 39.92818574),-74.20212948,39.92818574
322,323,76250,8554,4007,POINT (-74.77803271 40.11651357),-74.77803271,40.11651357
323,323,76250,8317,1453,POINT (-74.83778225 39.40336689),-74.83778225,39.40336689
324,323,76250,8555,739,POINT (-74.47167232 40.21990922),-74.47167232,40.21990922
325,326,76110,8884,8359,POINT (-74.39140134 40.39514858),-74.39140134,40.39514858
326,327,76071,8108,17932,POINT (-75.06177358 39.91429041),-75.06177358,39.91429041
327,327,76071,8042,70,POINT (-74.66227818 40.01538715),-74.66227818,40.01538715
328,329,76030,7724,21749,POINT (-74.07482964 40.29844462),-74.07482964,40.29844462
329,330,75957,7603,8277,POINT (-74.02939183 40.87522256),-74.02939183,40.87522256
330,331,75918,7083,53811,POINT (-74.2897325 40.70072117),-74.2897325,40.70072117
331,332,75858,8043,29227,POINT (-74.93607375 39.84473914),-74.93607375,39.84473914
332,333,75669,8009,12529,POINT (-74.93389406 39.76516502),-74.93389406,39.76516502
333,334,75480,8753,63764,POINT (-74.18626324 39.98105213),-74.18626324,39.98105213
334,335,75104,7420,4740,POINT (-74.30116469 41.0324441),-74.30116469,41.0324441
335,336,75089,8352,568,POINT (-75.12797978 39.47573197),-75.12797978,39.47573197
336,337,75071,7646,16524,POINT (-74.01948713 40.93378702),-74.01948713,40.93378702
337,338,74911,8887,1022,POINT (-74.803126 40.52079054),-74.803126,40.52079054
338,339,74806,7840,29132,POINT (-74.83571748 40.8540768),-74.83571748,40.8540768
339,340,74609,7846,83,POINT (-74.8770679 40.96593997),-74.8770679,40.96593997
340,341,74607,7882,14498,POINT (-75.0090595 40.75799978),-75.0090595,40.75799978
341,342,74539,8050,25066,POINT (-74.25867589 39.71035342),-74.25867589,39.71035342
342,343,74538,7701,23828,POINT (-74.09308752 40.35723332),-74.09308752,40.35723332
343,344,74281,8016,33148,POINT (-74.82977001 40.06934548),-74.82977001,40.06934548
344,345,73685,8879,22885,POINT (-74.27363118 40.46850334),-74.27363118,40.46850334
345,346,73565,8869,7318,POINT (-74.64321452 40.5730299),-74.64321452,40.5730299
346,347,73389,7662,5644,POINT (-74.07941141 40.9072016),-74.07941141,40.9072016
347,348,73377,8088,24327,POINT (-74.69259439 39.84922831),-74.69259439,39.84922831
348,349,73193,7631,27342,POINT (-73.97348378 40.89171717),-73.97348378,40.89171717
349,350,73162,8247,790,POINT (-74.785356 39.05396681),-74.785356,39.05396681
350,351,73094,8880,4585,POINT (-74.52786508 40.55354959),-74.52786508,40.55354959
351,352,73060,7403,7808,POINT (-74.33189424 41.02125991),-74.33189424,41.02125991
352,353,72991,7863,4311,POINT (-74.96037426 40.81288775),-74.96037426,40.81288775
353,354,72917,7001,17479,POINT (-74.27008896 40.58338861),-74.27008896,40.58338861
354,355,72874,7086,13113,POINT (-74.02083237 40.76818562),-74.02083237,40.76818562
355,356,72829,7462,6741,POINT (-74.4910885 41.18764223),-74.4910885,41.18764223
356,357,72500,7723,1035,POINT (-74.00068569 40.2505079),-74.00068569,40.2505079
357,358,72324,8234,42802,POINT (-74.62325543 39.38833184),-74.62325543,39.38833184
358,359,71995,7064,3836,POINT (-74.23887725 40.57011244),-74.23887725,40.57011244
359,360,71875,8006,499,POINT (-74.107189 39.75362936),-74.107189,39.75362936
360,361,71848,7071,21207,POINT (-74.12616388 40.81005),-74.12616388,40.81005
361,362,71847,7072,6189,POINT (-74.06137174 40.82496859),-74.06137174,40.82496859
362,363,71750,7031,15587,POINT (-74.1269173 40.78725154),-74.1269173,40.78725154
363,364,71494,7003,47624,POINT (-74.187259 40.80723509),-74.187259,40.80723509
364,365,71164,8223,4013,POINT (-74.66217287 39.26791782),-74.66217287,39.26791782
365,366,71146,8324,450,POINT (-74.99639578 39.21692149),-74.99639578,39.21692149
366,367,71000,8067,1789,POINT (-75.41215092 39.73766573),-75.41215092,39.73766573
367,368,70934,7073,9298,POINT (-74.08579736 40.81875575),-74.08579736,40.81875575
368,369,70771,8361,17299,POINT (-74.95959417 39.44881261),-74.95959417,39.44881261
369,370,70698,8094,40075,POINT (-74.9672818 39.65358602),-74.9672818,39.65358602
370,371,70659,8086,7712,POINT (-75.19294319 39.8526531),-75.19294319,39.8526531
371,372,70648,8002,22187,POINT (-75.02538508 39.93131341),-75.02538508,39.93131341
372,373,70593,8758,7649,POINT (-74.23504446 39.7895243),-74.23504446,39.7895243
373,374,70564,8004,12439,POINT (-74.86993747 39.76468639),-74.86993747,39.76468639
374,375,70551,8012,40616,POINT (-75.05492017 39.78520631),-75.05492017,39.78520631
375,376,70336,7717,1810,POINT (-74.01638849 40.19133604),-74.01638849,40.19133604
376,377,70208,8092,3193,POINT (-74.28662532 39.65881861),-74.28662532,39.65881861
377,378,70169,8210,18100,POINT (-74.82608257 39.11912429),-74.82608257,39.11912429
378,379,70089,8724,43100,POINT (-74.11613764 40.09192733),-74.11613764,40.09192733
379,380,70032,8318,12171,POINT (-75.17647106 39.55632657),-75.17647106,39.55632657
380,381,69897,8831,47706,POINT (-74.42909893 40.32683547),-74.42909893,40.32683547
381,382,69879,8106,9843,POINT (-75.073024 39.88927819),-75.073024,39.88927819
382,383,69773,8752,2199,POINT (-74.08188881 39.89474567),-74.08188881,39.89474567
383,384,69766,7737,3997,POINT (-74.06478916 40.4100371),-74.06478916,40.4100371
384,385,69641,7508,22790,POINT (-74.18439827 40.95445608),-74.18439827,40.95445608
385,386,69510,8071,9727,POINT (-75.13381115 39.73234758),-75.13381115,39.73234758
386,387,69472,8027,4844,POINT (-75.27943994 39.82444427),-75.27943994,39.82444427
387,388,69466,7657,11191,POINT (-74.01455057 40.83121952),-74.01455057,40.83121952
388,389,68828,8051,11336,POINT (-75.18810425 39.78253446),-75.18810425,39.78253446
389,390,68555,8344,5243,POINT (-74.97817648 39.56615604),-74.97817648,39.56615604
390,391,68474,8046,31718,POINT (-74.8860414 40.02775349),-74.8860414,40.02775349
391,392,68399,7416,5818,POINT (-74.59911367 41.1172362),-74.59911367,41.1172362
392,393,68327,8314,3251,POINT (-74.94238407 39.21793823),-74.94238407,39.21793823
393,394,67929,8619,22639,POINT (-74.69607677 40.24119849),-74.69607677,40.24119849
394,394,67929,8723,31648,POINT (-74.10850149 40.03754664),-74.10850149,40.03754664
395,396,67721,7735,20038,POINT (-74.196774 40.43213794),-74.196774,40.43213794
396,397,67500,7407,19921,POINT (-74.12011413 40.90474385),-74.12011413,40.90474385
397,398,67439,8270,8792,POINT (-74.79783836 39.27155136),-74.79783836,39.27155136
398,399,67335,7024,36020,POINT (-73.97350299 40.85013992),-73.97350299,40.85013992
399,400,67292,8735,3019,POINT (-74.07164996 39.96801788),-74.07164996,39.96801788
400,401,67241,8091,5360,POINT (-74.9297675 39.81081744),-74.9297675,39.81081744
401,402,67190,8005,22624,POINT (-74.35845925 39.76348828),-74.35845925,39.76348828
402,403,67069,8225,8658,POINT (-74.54809081 39.36753969),-74.54809081,39.36753969
403,404,66967,8096,35212,POINT (-75.1266466 39.82690035),-75.1266466,39.82690035
404,405,66859,8755,25845,POINT (-74.20428125 40.02057692),-74.20428125,40.02057692
405,406,66786,7606,2582,POINT (-74.0531925 40.87059153),-74.0531925,40.87059153
406,407,66731,7732,5006,POINT (-73.99678249 40.45841195),-73.99678249,40.45841195
407,408,66667,8039,125,POINT (-75.2727015 39.68672183),-75.2727015,39.68672183
408,409,66500,8518,5123,POINT (-74.80710709 40.11734958),-74.80710709,40.11734958
409,410,66477,8326,1843,POINT (-74.93689425 39.53239511),-74.93689425,39.53239511
410,411,66436,8805,12437,POINT (-74.537133 40.56861564),-74.537133,40.56861564
411,412,66414,8904,14224,POINT (-74.4289405 40.49812351),-74.4289405,40.49812351
412,413,66360,8329,72,POINT (-75.00192167 39.27731437),-75.00192167,39.27731437
413,414,66325,8084,6997,POINT (-75.01545765 39.82895688),-75.01545765,39.82895688
414,415,66298,8109,23047,POINT (-75.0603655 39.94345157),-75.0603655,39.94345157
415,416,66250,7062,12580,POINT (-74.4033264 40.63161642),-74.4033264,40.63161642
416,417,66152,8059,5536,POINT (-75.0928356 39.88451374),-75.0928356,39.88451374
417,418,66056,8562,5313,POINT (-74.59466286 40.06638328),-74.59466286,40.06638328
418,419,65781,8089,4599,POINT (-74.82427931 39.71823967),-74.82427931,39.71823967
419,420,65750,8731,19776,POINT (-74.29949457 39.89135056),-74.29949457,39.89135056
420,421,65710,7109,36121,POINT (-74.16189243 40.79495543),-74.16189243,40.79495543
421,422,65568,8402,6343,POINT (-74.50622173 39.33040989),-74.50622173,39.33040989
422,423,65564,7063,13960,POINT (-74.44599297 40.60502132),-74.44599297,40.60502132
423,424,65509,8882,16177,POINT (-74.378153 40.4452738),-74.378153,40.4452738
424,425,65093,8029,4575,POINT (-75.0677704 39.84064442),-75.0677704,39.84064442
425,426,65074,8028,19908,POINT (-75.12059154 39.69439845),-75.12059154,39.69439845
426,427,64741,7660,12875,POINT (-74.01981461 40.85445309),-74.01981461,40.85445309
427,428,64457,7801,26138,POINT (-74.551089 40.94789785),-74.551089,40.94789785
428,429,64333,8015,20398,POINT (-74.53780751 39.93298923),-74.53780751,39.93298923
429,430,64294,7008,23770,POINT (-74.2286913 40.58484826),-74.2286913,40.58484826
430,431,63810,7643,10773,POINT (-74.03856954 40.84630207),-74.03856954,40.84630207
431,432,63651,7827,4236,POINT (-74.73937024 41.2922722),-74.73937024,41.2922722
432,433,63598,8065,7372,POINT (-75.035071 40.00536195),-75.035071,40.00536195
433,434,63446,8037,24002,POINT (-74.757994 39.63403191),-74.757994,39.63403191
434,435,63438,8323,953,POINT (-75.36610608 39.39571146),-75.36610608,39.39571146
435,435,63438,7074,2741,POINT (-74.0489545 40.8399513),-74.0489545,40.8399513
436,437,63417,8312,7896,POINT (-75.08028988 39.66134404),-75.08028988,39.66134404
437,438,63093,7032,41538,POINT (-74.12198415 40.7548237),-74.12198415,40.7548237
438,439,62787,8835,10426,POINT (-74.58917369 40.54205919),-74.58917369,40.54205919
439,440,62770,8740,2072,POINT (-74.13519423 39.92602914),-74.13519423,39.92602914
440,441,62491,7036,42527,POINT (-74.23924065 40.62531369),-74.23924065,40.62531369
441,442,61875,8243,1824,POINT (-74.69340558 39.15860428),-74.69340558,39.15860428
442,443,61561,8205,28253,POINT (-74.46508376 39.4825898),-74.46508376,39.4825898
443,444,61507,8640,7892,POINT (-74.62267 39.99954381),-74.62267,39.99954381
444,445,61122,7204,13465,POINT (-74.26670564 40.66526485),-74.26670564,40.66526485
445,446,61094,8327,2235,POINT (-74.9541645 39.24880833),-74.9541645,39.24880833
446,447,61089,8087,24430,POINT (-74.37571272 39.59518409),-74.37571272,39.59518409
447,448,60958,8063,3132,POINT (-75.18199568 39.86527794),-75.18199568,39.86527794
448,449,60947,8010,11491,POINT (-74.91411597 40.05337477),-74.91411597,40.05337477
449,450,60859,8224,516,POINT (-74.45974745 39.59852879),-74.45974745,39.59852879
450,451,60691,8330,28501,POINT (-74.74104213 39.47585208),-74.74104213,39.47585208
451,452,60690,8733,2765,POINT (-74.32535987 40.02632447),-74.32535987,40.02632447
452,453,60347,8311,2094,POINT (-75.21007399 39.32759848),-75.21007399,39.32759848
453,454,60216,7720,4290,POINT (-74.01279953 40.20175512),-74.01279953,40.20175512
454,455,59740,8610,29127,POINT (-74.71575229 40.19247745),-74.71575229,40.19247745
455,456,59720,7205,21676,POINT (-74.22866239 40.6960213),-74.22866239,40.6960213
456,457,59660,7753,37820,POINT (-74.07854612 40.21493683),-74.07854612,40.21493683
457,458,59522,8226,11520,POINT (-74.60306701 39.26210013),-74.60306701,39.26210013
458,459,59508,7650,20010,POINT (-73.99666187 40.84708222),-73.99666187,40.84708222
459,460,59474,8201,10187,POINT (-74.49801546 39.42928053),-74.49801546,39.42928053
460,461,59219,8528,157,POINT (-74.614295 40.38285391),-74.614295,40.38285391
461,462,59076,7065,27994,POINT (-74.28081966 40.60777672),-74.28081966,40.60777672
462,463,58865,8068,6918,POINT (-74.6645155 39.96718956),-74.6645155,39.96718956
463,464,58823,8052,19117,POINT (-74.99500138 39.95184812),-74.99500138,39.95184812
464,465,58791,8007,5371,POINT (-75.05382341 39.86582484),-75.05382341,39.86582484
465,466,58782,8350,890,POINT (-74.8810405 39.48888198),-74.8810405,39.48888198
466,467,58433,7011,41226,POINT (-74.14490406 40.88009967),-74.14490406,40.88009967
467,468,58370,8078,8385,POINT (-75.07462048 39.85209562),-75.07462048,39.85209562
468,469,58220,7756,3134,POINT (-74.00799225 40.21192082),-74.00799225,40.21192082
469,470,58197,8083,9788,POINT (-75.02863348 39.84123799),-75.02863348,39.84123799
470,471,58125,8212,200,POINT (-74.95448343 38.93600392),-74.95448343,38.93600392
471,472,57910,8070,12822,POINT (-75.50905804 39.62416),-75.50905804,39.62416
472,473,57694,8049,5567,POINT (-75.0377955 39.85618273),-75.0377955,39.85618273
473,474,57378,8215,13633,POINT (-74.587838 39.53695671),-74.587838,39.53695671
474,475,56639,8204,18468,POINT (-74.92269427 38.96880049),-74.92269427,38.96880049
475,476,56310,8203,9420,POINT (-74.39690077 39.38693225),-74.39690077,39.38693225
476,477,56250,8038,75,POINT (-75.4879523 39.47359839),-75.4879523,39.47359839
477,477,56250,7851,106,POINT (-74.8465635 41.22040166),-74.8465635,41.22040166
478,479,56171,7010,24532,POINT (-73.987191 40.82394702),-73.987191,40.82394702
479,480,56157,8093,9815,POINT (-75.15013925 39.86737838),-75.15013925,39.86737838
480,481,56089,8638,23176,POINT (-74.76308843 40.25674279),-74.76308843,40.25674279
481,482,56076,8045,2907,POINT (-75.02974693 39.86711421),-75.02974693,39.86711421
482,483,55944,7823,7594,POINT (-75.03644831 40.82802773),-75.03644831,40.82802773
483,484,55865,7504,12881,POINT (-74.14131615 40.91221581),-74.14131615,40.91221581
484,485,55224,7002,64763,POINT (-74.10642181 40.66001915),-74.10642181,40.66001915
485,486,55055,7060,45781,POINT (-74.42156447 40.61632617),-74.42156447,40.61632617
486,487,55026,8107,13600,POINT (-75.08344395 39.90761231),-75.08344395,39.90761231
487,488,54852,7502,15162,POINT (-74.19412483 40.91855713),-74.19412483,40.91855713
488,489,54789,8865,29610,POINT (-75.16934975 40.69233901),-75.16934975,40.69233901
489,490,54679,8629,12730,POINT (-74.7312007 40.22066875),-74.7312007,40.22066875
490,491,54365,7047,62114,POINT (-74.02443346 40.79816861),-74.02443346,40.79816861
491,492,54205,8023,498,POINT (-75.49760275 39.68732055),-75.49760275,39.68732055
492,493,53986,7712,38611,POINT (-74.05484346 40.24811413),-74.05484346,40.24811413
493,494,53711,7029,16987,POINT (-74.1541583 40.74415338),-74.1541583,40.74415338
494,495,53551,7307,43911,POINT (-74.05632543 40.75172986),-74.05632543,40.75172986
495,496,53502,7057,11487,POINT (-74.108184 40.85052064),-74.108184,40.85052064
496,497,53338,7601,43903,POINT (-74.04608769 40.8890158),-74.04608769,40.8890158
497,498,53125,7608,56,POINT (-74.06119525 40.85378668),-74.06119525,40.85378668
498,499,52387,8030,13271,POINT (-75.11621858 39.88956344),-75.11621858,39.88956344
499,500,52177,7857,3304,POINT (-74.70000031 40.89673968),-74.70000031,40.89673968
500,501,51990,7022,14126,POINT (-74.00227813 40.81815454),-74.00227813,40.81815454
501,502,51327,7734,13213,POINT (-74.13500041 40.44284175),-74.13500041,40.44284175
502,503,51211,8332,37452,POINT (-75.0148945 39.35778774),-75.0148945,39.35778774
503,504,51119,8641,4485,POINT (-74.587519 40.02203677),-74.587519,40.02203677
504,505,50450,8031,11538,POINT (-75.09454131 39.86673335),-75.09454131,39.86673335
505,506,50129,8406,10632,POINT (-74.47920707 39.3382737),-74.47920707,39.3382737
506,507,50100,8110,18205,POINT (-75.06013361 39.9733945),-75.06013361,39.9733945
507,508,50028,8328,1684,POINT (-75.05921055 39.57839663),-75.05921055,39.57839663
508,509,49358,7740,30882,POINT (-73.99193501 40.29494008),-73.99193501,40.29494008
509,510,49343,8302,46620,POINT (-75.26075712 39.43966741),-75.26075712,39.43966741
510,511,49214,8349,2627,POINT (-75.0665645 39.25744631),-75.0665645,39.25744631
511,512,49101,7305,62698,POINT (-74.08945607 40.69630756),-74.08945607,40.69630756
512,513,48914,7644,24428,POINT (-74.08136972 40.87846754),-74.08136972,40.87846754
513,514,48621,8244,10930,POINT (-74.60511813 39.32045427),-74.60511813,39.32045427
514,515,48523,8242,2682,POINT (-74.88892449 39.01812265),-74.88892449,39.01812265
515,516,48520,7306,55376,POINT (-74.07107913 40.73419969),-74.07107913,40.73419969
516,517,48471,8021,44669,POINT (-75.00054702 39.80672131),-75.00054702,39.80672131
517,518,47852,8079,10588,POINT (-75.48563273 39.54373226),-75.48563273,39.54373226
518,519,46987,7093,62908,POINT (-74.01144816 40.7881526),-74.01144816,40.7881526
519,520,46862,8360,44226,POINT (-75.027468 39.49639676),-75.027468,39.49639676
520,521,46490,8251,9737,POINT (-74.92750433 39.02690858),-74.92750433,39.02690858
521,522,46474,8861,54176,POINT (-74.27434873 40.52278409),-74.27434873,40.52278409
522,523,46446,7026,31066,POINT (-74.10794867 40.87857991),-74.10794867,40.87857991
523,524,46184,8345,686,POINT (-75.16486504 39.28115355),-75.16486504,39.28115355
524,525,46179,7208,32173,POINT (-74.21497075 40.67721372),-74.21497075,40.67721372
525,526,45864,7304,41821,POINT (-74.07559853 40.71869772),-74.07559853,40.71869772
526,527,45761,8095,145,POINT (-74.86030699 39.64846554),-74.86030699,39.64846554
527,528,45427,8066,8337,POINT (-75.24082525 39.83589555),-75.24082525,39.83589555
528,529,45038,8069,12970,POINT (-75.44950707 39.69933037),-75.44950707,39.69933037
529,530,45000,7513,11348,POINT (-74.1518775 40.90716184),-74.1518775,40.90716184
530,531,43950,8316,391,POINT (-74.961237 39.27318394),-74.961237,39.27318394
531,532,43750,8832,2317,POINT (-74.30844536 40.51831442),-74.30844536,40.51831442
532,533,43738,7206,27642,POINT (-74.19063145 40.65243421),-74.19063145,40.65243421
533,534,43632,8260,13325,POINT (-74.85043951 38.98373487),-74.85043951,38.98373487
534,535,43563,7202,42171,POINT (-74.21679337 40.65311481),-74.21679337,40.65311481
535,536,43122,7203,21348,POINT (-74.2599225 40.65271514),-74.2599225,40.65271514
536,537,42790,7088,3504,POINT (-74.279892 40.71732515),-74.279892,40.71732515
537,538,42552,7105,51155,POINT (-74.14089465 40.7237724),-74.14089465,40.7237724
538,539,42058,7201,24948,POINT (-74.17839592 40.67240882),-74.17839592,40.67240882
539,540,41508,8618,39195,POINT (-74.78773262 40.24848693),-74.78773262,40.24848693
540,541,41106,7087,68338,POINT (-74.0380945 40.76048318),-74.0380945,40.76048318
541,542,41026,8701,93473,POINT (-74.20322621 40.0765162),-74.20322621,40.0765162
542,543,40461,8232,19355,POINT (-74.51756505 39.39370429),-74.51756505,39.39370429
543,544,40147,8310,2041,POINT (-74.8953976 39.52712184),-74.8953976,39.52712184
544,545,38801,7503,20084,POINT (-74.1513475 40.89568448),-74.1513475,40.89568448
545,546,38399,8901,56016,POINT (-74.44277923 40.48412191),-74.44277923,40.48412191
546,547,38186,8611,26987,POINT (-74.7578195 40.20601149),-74.7578195,40.20601149
547,548,38165,7111,54268,POINT (-74.23178834 40.72418764),-74.23178834,40.72418764
548,549,38142,7018,29353,POINT (-74.21801475 40.75588888),-74.21801475,40.75588888
549,550,37762,8757,33638,POINT (-74.25603364 39.93867809),-74.25603364,39.93867809
550,551,37500,8346,983,POINT (-74.85609277 39.56303962),-74.85609277,39.56303962
551,552,37451,7106,30723,POINT (-74.23032812 40.74179801),-74.23032812,40.74179801
552,553,36911,8759,32508,POINT (-74.35619786 39.97827222),-74.35619786,39.97827222
553,554,36572,7112,26043,POINT (-74.20964496 40.70936763),-74.20964496,40.70936763
554,555,36299,7017,35320,POINT (-74.20716175 40.77208929),-74.20716175,40.77208929
555,556,36167,8751,4300,POINT (-74.07454626 39.94903266),-74.07454626,39.94903266
556,557,35159,7514,19095,POINT (-74.14451961 40.9261357),-74.14451961,40.9261357
557,558,34727,7104,51475,POINT (-74.16832178 40.76730679),-74.16832178,40.76730679
558,559,34670,8341,1940,POINT (-74.95647534 39.51855624),-74.95647534,39.51855624
559,560,34545,8348,233,POINT (-74.97528353 39.30747694),-74.97528353,39.30747694
560,561,32983,7055,70702,POINT (-74.12811453 40.85749803),-74.12811453,40.85749803
561,562,32662,7107,37842,POINT (-74.179139 40.77074568),-74.179139,40.77074568
562,563,32526,7050,30202,POINT (-74.23487513 40.76824851),-74.23487513,40.76824851
563,564,31995,7524,12911,POINT (-74.15682469 40.93220554),-74.15682469,40.93220554
564,565,31735,8105,29300,POINT (-75.09123654 39.95156096),-75.09123654,39.95156096
565,566,30833,8321,124,POINT (-75.14035786 39.21978065),-75.14035786,39.21978065
566,567,28176,7103,31737,POINT (-74.1943155 40.7366552),-74.1943155,40.7366552
567,568,27898,7505,2369,POINT (-74.17176663 40.9162666),-74.17176663,40.9162666
568,569,27114,8609,14392,POINT (-74.74882375 40.22090934),-74.74882375,40.22090934
569,570,27031,7522,19266,POINT (-74.17849355 40.92503704),-74.17849355,40.92503704
570,571,26936,8401,39521,POINT (-74.43509312 39.36576514),-74.43509312,39.36576514
571,572,26835,7108,22230,POINT (-74.20021131 40.72312211),-74.20021131,40.72312211
572,573,26047,7501,33225,POINT (-74.18534625 40.90832454),-74.18534625,40.90832454
573,574,25350,7102,13222,POINT (-74.17364296 40.73588653),-74.17364296,40.73588653
574,575,23662,8104,24016,POINT (-75.11241463 39.91636386),-75.11241463,39.91636386
575,576,23134,8103,14349,POINT (-75.11361567 39.93577834),-75.11361567,39.93577834
576,577,20954,7114,14434,POINT (-74.16768962 40.70143782),-74.16768962,40.70143782
577,578,18697,8102,7942,POINT (-75.1204396 39.95238575),-75.1204396,39.95238575
578,580,13395,8608,813,POINT (-74.7678475 40.21889442),-74.7678475,40.21889442